Model,Split,Accuracy,Balanced Accuracy,Precision,Recall,Weighted F1,Macro F1,Minority Class Recall,ROC-AUC Macro,Imbalance Method,Train Time (s)
Logistic Regression,train,0.9357083395590088,0.6826295854034835,0.9354080607061798,0.9357083395590088,0.9316353041550195,0.6892227626132102,0.05789473684210526,0.9774632965009105,baseline,14.91
Logistic Regression,test,0.7105363255990871,0.6857763826754711,0.6528989584153919,0.7105363255990871,0.6705681072188955,0.5471189007736956,0.028634361233480177,0.8762460843200578,baseline,14.91
Logistic Regression,train,0.2262588315652415,0.2746730313398561,0.21473239442949285,0.2262588315652415,0.20567747532703534,0.13061918121311017,0.4818181818181818,0.8956052272834413,class_weight,77.81
Logistic Regression,test,0.31436346080697547,0.18569635103693916,0.26261029047702644,0.31436346080697547,0.27461010517356516,0.17150554220639605,0.17775335492827396,0.8063684102473808,class_weight,77.81
Logistic Regression,train,0.9371811564814617,0.7145710004778068,0.9365322589691032,0.9371811564814617,0.9350112524181934,0.7248409927789066,0.17157894736842105,0.9774517063125785,RandomOverSampler,17.72
Logistic Regression,test,0.7118530005559294,0.7184966823507597,0.6544951474390919,0.7118530005559294,0.6731564254954371,0.5903435641930137,0.14317180616740088,0.881656534440662,RandomOverSampler,17.72
Logistic Regression,train,0.9371384661358834,0.7145859050684721,0.9364987742407761,0.9371384661358834,0.9349659600688307,0.7246238850428481,0.17157894736842105,0.9773160259556072,SMOTE,17.33
Logistic Regression,test,0.7118530005559294,0.7184966823507597,0.654462300037634,0.7118530005559294,0.6731593545009954,0.5901662746922814,0.14317180616740088,0.8848071101494982,SMOTE,17.33
Logistic Regression,train,0.9376720954556127,0.6794803830823353,0.9350874082405797,0.9376720954556127,0.9334238317401843,0.6817605495304156,0.03894736842105263,0.9774295485225405,RandomUnderSampler,14.42
Logistic Regression,test,0.7115896655645609,0.6861945707399676,0.6526259717895257,0.7115896655645609,0.6715368380918352,0.5443093162968956,0.022026431718061675,0.8756376399656397,RandomUnderSampler,14.42
Random Forest,train,0.9574377254583876,0.68000938318766,0.9482265997454469,0.9574377254583876,0.9522135512124531,0.6774327728111544,0.0,0.9810038674702828,baseline,5.79
Random Forest,test,0.7201334230622933,0.6915079661545614,0.6549528986706188,0.7201334230622933,0.6794239989232214,0.5445025942264102,0.0,0.8614733380036705,baseline,5.79
Random Forest,train,0.9521654677794616,0.9046885992831335,0.9717589494700456,0.9521654677794616,0.9605213282513835,0.8112811789048217,0.783157894736842,0.9900088185069951,class_weight,7.76
Random Forest,test,0.7150715393393218,0.7881422721162654,0.7079539458465369,0.7150715393393218,0.6851342188496043,0.6378899603789305,0.35861675843497154,0.9000646432764486,class_weight,7.76
Extra Trees,train,0.9593587910094132,0.9325601074265847,0.972166697978037,0.9593587910094132,0.9643753376631847,0.819785941754967,0.8723444976076555,0.9943557179496793,class_weight,6.44
Extra Trees,test,0.7099511367293794,0.681092720488081,0.6519293666242658,0.7099511367293794,0.6495863544010574,0.6070626543427712,0.3776885802991355,0.8858530506248783,class_weight,6.44
KNN,train,0.9925291895237892,0.9559132844491789,0.9925903807531959,0.9925291895237892,0.9925341006780012,0.9623056077625401,0.8685167464114832,0.9984873131963682,baseline,13.13
KNN,test,0.7366942680750213,0.8053240135897617,0.8649175758464785,0.7366942680750213,0.6978710680683909,0.6768446264732834,0.372593757580823,0.8867686563233572,baseline,13.13
KNN,train,0.9924224636598433,0.969760453768302,0.9925506841066322,0.9924224636598433,0.9924590411583658,0.9595344506784541,0.9171291866028708,0.9984754797296524,RandomOverSampler,14.28
KNN,test,0.7368698247359335,0.8087721618320678,0.8679065656764258,0.7368698247359335,0.6984673795903831,0.675901806504746,0.3841854093491551,0.8867079330908066,RandomOverSampler,14.28
KNN,train,0.992507844351,0.9586533546788031,0.9925755996531137,0.992507844351,0.9925165637049688,0.9638799578153697,0.8776076555023924,0.9984669259181363,SMOTE,14.88
KNN,test,0.7362846358662258,0.8056562008073899,0.7916556188550907,0.7362846358662258,0.6975463849669041,0.6750031355980973,0.3747964007526292,0.8866520148894749,SMOTE,14.88
MLP Classifier,train,0.978612136865248,0.8204378611859257,0.9778127228962106,0.978612136865248,0.9780931649712502,0.8235068885322319,0.4652631578947368,0.9910825778637385,baseline,16.19
MLP Classifier,test,0.7348216636919566,0.7989235583461678,0.6716653707393079,0.7348216636919566,0.6950076305648114,0.666421309494413,0.3590308370044053,0.9060944630118408,baseline,16.19
MLP Classifier,train,0.9776942944353134,0.8272166532265031,0.9770273806699946,0.9776942944353134,0.9772578385888206,0.8217910061311333,0.48526315789473684,0.991092066198741,RandomOverSampler,20.57
MLP Classifier,test,0.7329197998654066,0.8034644665792668,0.6698273183057831,0.7329197998654066,0.6932336139786446,0.6599543850249877,0.3766519823788546,0.8969622969760341,RandomOverSampler,20.57
XGBoost,train,0.9822194710666183,0.8304848403712896,0.981348201420043,0.9822194710666183,0.9817277268036911,0.8296438324661695,0.4789473684210526,0.992120666659757,baseline,25.85
XGBoost,test,0.7363138953097113,0.798319939857555,0.672787541151552,0.7363138953097113,0.696168268817577,0.6679350337805051,0.34801762114537443,0.9125110160750388,baseline,25.85
XGBoost,train,0.9734466050502679,0.972737397092681,0.9800565995035215,0.9734466050502679,0.9759210551635277,0.8535885641215789,0.9755023923444976,0.9987150946107644,sample_weight,25.06
XGBoost,test,0.7306960821605173,0.8043952063508406,0.7560110526666799,0.7306960821605173,0.6947174295874173,0.648841653765154,0.3798333798800115,0.9068719468933318,sample_weight,25.06
XGBoost,train,0.9820487096843049,0.8319848549787411,0.9811962951522355,0.9820487096843049,0.9815639905481638,0.8300123736532833,0.48526315789473684,0.9921854454216105,RandomUnderSampler,36.53
XGBoost,test,0.7365187114141089,0.8049172062670655,0.6729230457453801,0.7365187114141089,0.6964161665300016,0.6718811436899023,0.3700440528634361,0.9237838775465445,RandomUnderSampler,36.53
